{
    "GameObjects":  [
                        {
                            "Children":  [

                                         ],
                            "Components":  [
                                               {
                                                   "Position":  [
                                                                    -3.4920716285705566,
                                                                    0.9425103664398193,
                                                                    -0.6523759365081787
                                                                ],
                                                   "Rotation":  [
                                                                    0.2580046057701111,
                                                                    14.130019187927246,
                                                                    0.0
                                                                ],
                                                   "Scale":  [
                                                                 1.0,
                                                                 1.0,
                                                                 1.0
                                                             ],
                                                   "Type":  "TransformData"
                                               },
                                               {
                                                   "CameraMode":  0,
                                                   "FarZ":  1000.0,
                                                   "Fov":  60.0,
                                                   "MoveSpeed":  0.10000000149011612,
                                                   "NearZ":  0.009999999776482582,
                                                   "Type":  "CameraData"
                                               }
                                           ],
                            "IsActive":  true,
                            "Name":  "MainCamera"
                        },
                        {
                            "Children":  [
                                             {
                                                 "Children":  [

                                                              ],
                                                 "Components":  [
                                                                    {
                                                                        "Position":  [
                                                                                         0.0,
                                                                                         0.0,
                                                                                         0.0
                                                                                     ],
                                                                        "Rotation":  [
                                                                                         0.0,
                                                                                         0.0,
                                                                                         0.0
                                                                                     ],
                                                                        "Scale":  [
                                                                                      1.0,
                                                                                      1.0,
                                                                                      1.0
                                                                                  ],
                                                                        "Type":  "TransformData"
                                                                    },
                                                                    {
                                                                        "FilePath":  "Asset/Model/StageMap/StageMap.gltf",
                                                                        "ModelType":  0,
                                                                        "Type":  "ModelRenderData"
                                                                    }
                                                                ],
                                                 "IsActive":  true,
                                                 "Name":  "Model"
                                             },
                                             {
                                                 "Children":  [

                                                              ],
                                                 "Components":  [
                                                                    {
                                                                        "Position":  [
                                                                                         0.0,
                                                                                         0.0,
                                                                                         0.0
                                                                                     ],
                                                                        "Rotation":  [
                                                                                         0.0,
                                                                                         0.0,
                                                                                         0.0
                                                                                     ],
                                                                        "Scale":  [
                                                                                      1.0,
                                                                                      1.0,
                                                                                      1.0
                                                                                  ],
                                                                        "Type":  "TransformData"
                                                                    },
                                                                    {
                                                                        "IsStatic":  true,
                                                                        "Shapes":  [
                                                                                       {
                                                                                           "ShapeId":  3,
                                                                                           "Offset":  [
                                                                                                          0,
                                                                                                          0,
                                                                                                          0
                                                                                                      ]
                                                                                       }
                                                                                   ],