{
    "GameObjects": [
        {
            "Children": [],
            "Components": [
                {
                    "Position": [
                        -3.3320863246917725,
                        3.16812801361084,
                        -4.665595054626465
                    ],
                    "Rotation": [
                        0.5680049061775208,
                        19.403995513916016,
                        0.0
                    ],
                    "Scale": [
                        1.0,
                        1.0,
                        1.0
                    ],
                    "Type": "TransformData"
                },
                {
                    "CameraMode": 0,
                    "FarZ": 1000.0,
                    "Fov": 60.0,
                    "FpsOffset": [
                        0.0,
                        1.5,
                        0.0
                    ],
                    "MoveSpeed": 0.10000000149011612,
                    "NearZ": 0.009999999776482582,
                    "TargetOffset": [
                        0.0,
                        0.0,
                        -5.0
                    ],
                    "Type": "CameraData"
                }
            ],
            "IsActive": true,
            "Name": "MainCamera",
            "UUID": 3550049709306429264
        },
        {
            "Children": [
                {
                    "Children": [],
                    "Components": [
                        {
                            "Position": [
                                0.0,
                                0.0,
                                0.0
                            ],
                            "Rotation": [
                                0.0,
                                0.0,
                                0.0
                            ],
                            "Scale": [
                                1.0,
                                1.0,
                                1.0
                            ],
                            "Type": "TransformData"
                        },
                        {
                            "FilePath": "Asset/Model/StageMap/StageMap.gltf",
                            "ModelType": 0,
                            "Type": "ModelRenderData"
                        }
                    ],
                    "IsActive": true,
                    "Name": "Model",
                    "UUID": 15488972587017794424
                },
                {
                    "Children": [],
                    "Components": [
                        {
                            "Position": [
                                0.0,
                                0.0,
                                0.0
                            ],
                            "Rotation": [
                                0.0,
                                0.0,
                                0.0
                            ],
                            "Scale": [
                                1.0,
                                1.0,
                                1.0
                            ],
                            "Type": "TransformData"
                        },
                        {
                            "IsStatic": true,
                            "Shapes": [
                                {
                                    "Offset": [
                                        0.0,
                                        0.0,
                                        0.0
                                    ],
                                    "ShapeId": 3,
                                    "Tags": 4294967295
                                }
                            ],
                            "Type": "ColliderData"
                        }
                    ],
                    "IsActive": true,
                    "Name": "Collider",
                    "UUID": 16631493188063701678
                }
            ],
            "Components": [
                {
                    "Position": [
                        0.0,
                        0.0,
                        0.0
                    ],
                    "Rotation": [
                        0.0,
                        0.0,
                        0.0
                    ],
                    "Scale": [
                        1.0,
                        1.0,
                        1.0
                    ],
                    "Type": "TransformData"
                }
            ],
            "IsActive": true,
            "Name": "Stage",
            "UUID": 8209704538782711917
        },
        {
            "Children": [
                {
                    "Children": [],
                    "Components": [
                        {
                            "Position": [
                                0.0,
                                0.0,
                                0.0
                            ],
                            "Rotation": [
                                0.0,
                                0.0,
                                0.0
                            ],
                            "Scale": [
                                1.0,
                                1.0,
                                1.0
                            ],
                            "Type": "TransformData"
                        },
                        {
                            "FilePath": "Asset/Model/CesiumMan/CesiumMan3.gltf",
                            "ModelType": 1,
                            "Type": "ModelRenderData"
                        },
                        {
                            "AnimationIndex": -1,
                            "IsLoop": true,
                            "IsPlaying": false,
                            "ProgressTime": 0.0,
                            "Speed": 1.0,
                            "Type": "AnimationDataComponent"
                        }
                    ],
                    "IsActive": true,
                    "Name": "Model",
                    "UUID": 1359808802738237787
                },
                {
                    "Children": [],
                    "Components": [
                        {
                            "Position": [
                                0.0,
                                1.399999976158142,
                                0.0
                            ],
                            "Rotation": [
                                0.4293430745601654,
                                0.0,
                                0.0
                            ],
                            "Scale": [
                                1.0,
                                1.0,
                                1.0
                            ],
                            "Type": "TransformData"
                        },
                        {
                            "CameraMode": 2,
                            "FarZ": 1000.0,
                            "Fov": 60.0,
                            "FpsOffset": [
                                0.0,
                                0.4000000059604645,
                                0.0
                            ],
                            "MoveSpeed": 0.10000000149011612,
                            "NearZ": 0.009999999776482582,
                            "TargetOffset": [
                                0.0,
                                0.0,
                                -3.0
                            ],
                            "Type": "CameraData"
                        }
                    ],
                    "IsActive": true,
                    "Name": "Camera",
                    "UUID": 11236533813172485698
                },
                {
                    "Children": [],